"filename", "language", "JSON", "YAML", "Python", "Markdown", "pip requirements", "Log", "comment", "blank", "total"
"/home/jesse/code/blessed-rl/blessed-rl/README.md", "Markdown", 0, 0, 0, 119, 0, 0, 0, 40, 159
"/home/jesse/code/blessed-rl/blessed-rl/components/__init__.py", "Python", 0, 0, 22, 0, 0, 0, 3, 3, 28
"/home/jesse/code/blessed-rl/blessed-rl/components/ai.py", "Python", 0, 0, 15, 0, 0, 0, 5, 7, 27
"/home/jesse/code/blessed-rl/blessed-rl/components/character.py", "Python", 0, 0, 51, 0, 0, 0, 13, 26, 90
"/home/jesse/code/blessed-rl/blessed-rl/components/combat.py", "Python", 0, 0, 26, 0, 0, 0, 11, 14, 51
"/home/jesse/code/blessed-rl/blessed-rl/components/core.py", "Python", 0, 0, 23, 0, 0, 0, 10, 21, 54
"/home/jesse/code/blessed-rl/blessed-rl/components/corpse.py", "Python", 0, 0, 7, 0, 0, 0, 5, 8, 20
"/home/jesse/code/blessed-rl/blessed-rl/components/dead.py", "Python", 0, 0, 4, 0, 0, 0, 4, 5, 13
"/home/jesse/code/blessed-rl/blessed-rl/components/effects.py", "Python", 0, 0, 61, 0, 0, 0, 20, 27, 108
"/home/jesse/code/blessed-rl/blessed-rl/components/items.py", "Python", 0, 0, 79, 0, 0, 0, 17, 33, 129
"/home/jesse/code/blessed-rl/blessed-rl/components/skills.py", "Python", 0, 0, 18, 0, 0, 0, 8, 9, 35
"/home/jesse/code/blessed-rl/blessed-rl/components/throwing.py", "Python", 0, 0, 22, 0, 0, 0, 7, 10, 39
"/home/jesse/code/blessed-rl/blessed-rl/data/corpses.json", "JSON", 10, 0, 0, 0, 0, 0, 0, 1, 11
"/home/jesse/code/blessed-rl/blessed-rl/data/enemies.json", "JSON", 62, 0, 0, 0, 0, 0, 0, 1, 63
"/home/jesse/code/blessed-rl/blessed-rl/data/glyphs.json", "JSON", 28, 0, 0, 0, 0, 0, 0, 1, 29
"/home/jesse/code/blessed-rl/blessed-rl/data/items.yaml", "YAML", 0, 144, 0, 0, 0, 0, 7, 13, 164
"/home/jesse/code/blessed-rl/blessed-rl/data/prefabs.yaml", "YAML", 0, 38, 0, 0, 0, 0, 13, 4, 55
"/home/jesse/code/blessed-rl/blessed-rl/data/schedule.yaml", "YAML", 0, 33, 0, 0, 0, 0, 2, 6, 41
"/home/jesse/code/blessed-rl/blessed-rl/ecs/__init__.py", "Python", 0, 0, 5, 0, 0, 0, 3, 3, 11
"/home/jesse/code/blessed-rl/blessed-rl/ecs/component.py", "Python", 0, 0, 37, 0, 0, 0, 17, 19, 73
"/home/jesse/code/blessed-rl/blessed-rl/ecs/entity.py", "Python", 0, 0, 24, 0, 0, 0, 11, 11, 46
"/home/jesse/code/blessed-rl/blessed-rl/ecs/system.py", "Python", 0, 0, 28, 0, 0, 0, 11, 15, 54
"/home/jesse/code/blessed-rl/blessed-rl/ecs/world.py", "Python", 0, 0, 33, 0, 0, 0, 14, 16, 63
"/home/jesse/code/blessed-rl/blessed-rl/effects/__init__.py", "Python", 0, 0, 14, 0, 0, 0, 8, 3, 25
"/home/jesse/code/blessed-rl/blessed-rl/effects/core.py", "Python", 0, 0, 29, 0, 0, 0, 10, 15, 54
"/home/jesse/code/blessed-rl/blessed-rl/effects/implementations/__init__.py", "Python", 0, 0, 8, 0, 0, 0, 3, 3, 14
"/home/jesse/code/blessed-rl/blessed-rl/effects/implementations/blood_splatter.py", "Python", 0, 0, 14, 0, 0, 0, 24, 7, 45
"/home/jesse/code/blessed-rl/blessed-rl/effects/implementations/knockback.py", "Python", 0, 0, 3, 0, 0, 0, 4, 3, 10
"/home/jesse/code/blessed-rl/blessed-rl/effects/implementations/shockwave.py", "Python", 0, 0, 3, 0, 0, 0, 4, 3, 10
"/home/jesse/code/blessed-rl/blessed-rl/effects/physics.py", "Python", 0, 0, 140, 0, 0, 0, 41, 50, 231
"/home/jesse/code/blessed-rl/blessed-rl/effects/status_effects.py", "Python", 0, 0, 82, 0, 0, 0, 19, 31, 132
"/home/jesse/code/blessed-rl/blessed-rl/effects/tile_effects.py", "Python", 0, 0, 73, 0, 0, 0, 18, 26, 117
"/home/jesse/code/blessed-rl/blessed-rl/game/__init__.py", "Python", 0, 0, 4, 0, 0, 0, 3, 3, 10
"/home/jesse/code/blessed-rl/blessed-rl/game/camera.py", "Python", 0, 0, 33, 0, 0, 0, 12, 14, 59
"/home/jesse/code/blessed-rl/blessed-rl/game/character_stats.py", "Python", 0, 0, 70, 0, 0, 0, 20, 35, 125
"/home/jesse/code/blessed-rl/blessed-rl/game/config.py", "Python", 0, 0, 31, 0, 0, 0, 15, 14, 60
"/home/jesse/code/blessed-rl/blessed-rl/game/game_state.py", "Python", 0, 0, 56, 0, 0, 0, 19, 21, 96
"/home/jesse/code/blessed-rl/blessed-rl/game/glyph_config.py", "Python", 0, 0, 65, 0, 0, 0, 30, 19, 114
"/home/jesse/code/blessed-rl/blessed-rl/game/item_factory.py", "Python", 0, 0, 96, 0, 0, 0, 22, 27, 145
"/home/jesse/code/blessed-rl/blessed-rl/game/message_log.py", "Python", 0, 0, 73, 0, 0, 0, 24, 29, 126
"/home/jesse/code/blessed-rl/blessed-rl/game/prefabs/__init__.py", "Python", 0, 0, 4, 0, 0, 0, 3, 3, 10
"/home/jesse/code/blessed-rl/blessed-rl/game/prefabs/loader.py", "Python", 0, 0, 74, 0, 0, 0, 14, 23, 111
"/home/jesse/code/blessed-rl/blessed-rl/game/prefabs/manager.py", "Python", 0, 0, 50, 0, 0, 0, 17, 19, 86
"/home/jesse/code/blessed-rl/blessed-rl/game/prefabs/spawner.py", "Python", 0, 0, 125, 0, 0, 0, 37, 47, 209
"/home/jesse/code/blessed-rl/blessed-rl/game/world_gen.py", "Python", 0, 0, 29, 0, 0, 0, 16, 16, 61
"/home/jesse/code/blessed-rl/blessed-rl/game/worldgen/__init__.py", "Python", 0, 0, 4, 0, 0, 0, 9, 3, 16
"/home/jesse/code/blessed-rl/blessed-rl/game/worldgen/biomes.py", "Python", 0, 0, 173, 0, 0, 0, 45, 76, 294
"/home/jesse/code/blessed-rl/blessed-rl/game/worldgen/core.py", "Python", 0, 0, 213, 0, 0, 0, 50, 62, 325
"/home/jesse/code/blessed-rl/blessed-rl/game/worldgen/scheduler.py", "Python", 0, 0, 169, 0, 0, 0, 30, 49, 248
"/home/jesse/code/blessed-rl/blessed-rl/main.py", "Python", 0, 0, 392, 0, 0, 0, 111, 115, 618
"/home/jesse/code/blessed-rl/blessed-rl/rendering/__init__.py", "Python", 0, 0, 0, 0, 0, 0, 1, 1, 2
"/home/jesse/code/blessed-rl/blessed-rl/rendering/entity_renderer.py", "Python", 0, 0, 62, 0, 0, 0, 22, 17, 101
"/home/jesse/code/blessed-rl/blessed-rl/rendering/tile_renderer.py", "Python", 0, 0, 89, 0, 0, 0, 37, 24, 150
"/home/jesse/code/blessed-rl/blessed-rl/requirements.txt", "pip requirements", 0, 0, 0, 0, 2, 0, 0, 1, 3
"/home/jesse/code/blessed-rl/blessed-rl/systems/__init__.py", "Python", 0, 0, 10, 0, 0, 0, 3, 3, 16
"/home/jesse/code/blessed-rl/blessed-rl/systems/ai.py", "Python", 0, 0, 139, 0, 0, 0, 39, 37, 215
"/home/jesse/code/blessed-rl/blessed-rl/systems/combat.py", "Python", 0, 0, 172, 0, 0, 0, 51, 67, 290
"/home/jesse/code/blessed-rl/blessed-rl/systems/combat_helpers.py", "Python", 0, 0, 174, 0, 0, 0, 37, 58, 269
"/home/jesse/code/blessed-rl/blessed-rl/systems/fov.py", "Python", 0, 0, 134, 0, 0, 0, 35, 36, 205
"/home/jesse/code/blessed-rl/blessed-rl/systems/input.py", "Python", 0, 0, 207, 0, 0, 0, 45, 41, 293
"/home/jesse/code/blessed-rl/blessed-rl/systems/inventory.py", "Python", 0, 0, 189, 0, 0, 0, 46, 66, 301
"/home/jesse/code/blessed-rl/blessed-rl/systems/menu.py", "Python", 0, 0, 111, 0, 0, 0, 30, 37, 178
"/home/jesse/code/blessed-rl/blessed-rl/systems/menus/__init__.py", "Python", 0, 0, 0, 0, 0, 0, 1, 1, 2
"/home/jesse/code/blessed-rl/blessed-rl/systems/menus/drop_menu.py", "Python", 0, 0, 27, 0, 0, 0, 7, 11, 45
"/home/jesse/code/blessed-rl/blessed-rl/systems/menus/equip_menu.py", "Python", 0, 0, 29, 0, 0, 0, 5, 12, 46
"/home/jesse/code/blessed-rl/blessed-rl/systems/menus/inventory_menu.py", "Python", 0, 0, 41, 0, 0, 0, 10, 16, 67
"/home/jesse/code/blessed-rl/blessed-rl/systems/menus/throwing_menu.py", "Python", 0, 0, 52, 0, 0, 0, 9, 19, 80
"/home/jesse/code/blessed-rl/blessed-rl/systems/menus/use_menu.py", "Python", 0, 0, 22, 0, 0, 0, 4, 11, 37
"/home/jesse/code/blessed-rl/blessed-rl/systems/movement.py", "Python", 0, 0, 114, 0, 0, 0, 29, 46, 189
"/home/jesse/code/blessed-rl/blessed-rl/systems/render.py", "Python", 0, 0, 141, 0, 0, 0, 48, 40, 229
"/home/jesse/code/blessed-rl/blessed-rl/systems/skills.py", "Python", 0, 0, 52, 0, 0, 0, 29, 26, 107
"/home/jesse/code/blessed-rl/blessed-rl/systems/throwing.py", "Python", 0, 0, 206, 0, 0, 0, 48, 70, 324
"/home/jesse/code/blessed-rl/blessed-rl/ui/__init__.py", "Python", 0, 0, 0, 0, 0, 0, 1, 1, 2
"/home/jesse/code/blessed-rl/blessed-rl/ui/status_display.py", "Python", 0, 0, 156, 0, 0, 0, 47, 34, 237
"/home/jesse/code/blessed-rl/blessed-rl/ui/text_formatter.py", "Python", 0, 0, 64, 0, 0, 0, 18, 18, 100
"/home/jesse/code/blessed-rl/blessed-rl/utils/__init__.py", "Python", 0, 0, 0, 0, 0, 0, 3, 1, 4
"/home/jesse/code/blessed-rl/blessed-rl/utils/line_drawing.py", "Python", 0, 0, 31, 0, 0, 0, 16, 21, 68
"/home/jesse/code/ecs-rl/ecs/README.md", "Markdown", 0, 0, 0, -75, 0, 0, 0, -25, -100
"/home/jesse/code/ecs-rl/ecs/components/__init__.py", "Python", 0, 0, -10, 0, 0, 0, -3, -3, -16
"/home/jesse/code/ecs-rl/ecs/components/ai.py", "Python", 0, 0, -15, 0, 0, 0, -5, -7, -27
"/home/jesse/code/ecs-rl/ecs/components/character.py", "Python", 0, 0, -51, 0, 0, 0, -13, -26, -90
"/home/jesse/code/ecs-rl/ecs/components/combat.py", "Python", 0, 0, -26, 0, 0, 0, -11, -14, -51
"/home/jesse/code/ecs-rl/ecs/components/core.py", "Python", 0, 0, -23, 0, 0, 0, -10, -21, -54
"/home/jesse/code/ecs-rl/ecs/components/effects.py", "Python", 0, 0, -61, 0, 0, 0, -20, -27, -108
"/home/jesse/code/ecs-rl/ecs/components/items.py", "Python", 0, 0, -75, 0, 0, 0, -16, -30, -121
"/home/jesse/code/ecs-rl/ecs/data/enemies.json", "JSON", -62, 0, 0, 0, 0, 0, 0, -1, -63
"/home/jesse/code/ecs-rl/ecs/data/glyphs.json", "JSON", -28, 0, 0, 0, 0, 0, 0, -1, -29
"/home/jesse/code/ecs-rl/ecs/data/items.yaml", "YAML", 0, -134, 0, 0, 0, 0, -7, -13, -154
"/home/jesse/code/ecs-rl/ecs/data/prefabs.yaml", "YAML", 0, -38, 0, 0, 0, 0, -13, -4, -55
"/home/jesse/code/ecs-rl/ecs/data/schedule.yaml", "YAML", 0, -33, 0, 0, 0, 0, -2, -6, -41
"/home/jesse/code/ecs-rl/ecs/ecs/__init__.py", "Python", 0, 0, -5, 0, 0, 0, -3, -3, -11
"/home/jesse/code/ecs-rl/ecs/ecs/component.py", "Python", 0, 0, -37, 0, 0, 0, -17, -19, -73
"/home/jesse/code/ecs-rl/ecs/ecs/entity.py", "Python", 0, 0, -24, 0, 0, 0, -11, -11, -46
"/home/jesse/code/ecs-rl/ecs/ecs/system.py", "Python", 0, 0, -28, 0, 0, 0, -11, -15, -54
"/home/jesse/code/ecs-rl/ecs/ecs/world.py", "Python", 0, 0, -33, 0, 0, 0, -14, -16, -63
"/home/jesse/code/ecs-rl/ecs/effects/__init__.py", "Python", 0, 0, -14, 0, 0, 0, -8, -3, -25
"/home/jesse/code/ecs-rl/ecs/effects/core.py", "Python", 0, 0, -29, 0, 0, 0, -10, -15, -54
"/home/jesse/code/ecs-rl/ecs/effects/implementations/__init__.py", "Python", 0, 0, -8, 0, 0, 0, -3, -3, -14
"/home/jesse/code/ecs-rl/ecs/effects/implementations/blood_splatter.py", "Python", 0, 0, -14, 0, 0, 0, -24, -7, -45
"/home/jesse/code/ecs-rl/ecs/effects/implementations/knockback.py", "Python", 0, 0, -3, 0, 0, 0, -4, -3, -10
"/home/jesse/code/ecs-rl/ecs/effects/implementations/shockwave.py", "Python", 0, 0, -3, 0, 0, 0, -4, -3, -10
"/home/jesse/code/ecs-rl/ecs/effects/physics.py", "Python", 0, 0, -140, 0, 0, 0, -41, -50, -231
"/home/jesse/code/ecs-rl/ecs/effects/status_effects.py", "Python", 0, 0, -82, 0, 0, 0, -19, -31, -132
"/home/jesse/code/ecs-rl/ecs/effects/tile_effects.py", "Python", 0, 0, -73, 0, 0, 0, -18, -26, -117
"/home/jesse/code/ecs-rl/ecs/game/__init__.py", "Python", 0, 0, -4, 0, 0, 0, -3, -3, -10
"/home/jesse/code/ecs-rl/ecs/game/camera.py", "Python", 0, 0, -33, 0, 0, 0, -12, -14, -59
"/home/jesse/code/ecs-rl/ecs/game/character_stats.py", "Python", 0, 0, -70, 0, 0, 0, -20, -35, -125
"/home/jesse/code/ecs-rl/ecs/game/config.py", "Python", 0, 0, -30, 0, 0, 0, -14, -13, -57
"/home/jesse/code/ecs-rl/ecs/game/game_state.py", "Python", 0, 0, -56, 0, 0, 0, -19, -21, -96
"/home/jesse/code/ecs-rl/ecs/game/glyph_config.py", "Python", 0, 0, -65, 0, 0, 0, -30, -19, -114
"/home/jesse/code/ecs-rl/ecs/game/item_factory.py", "Python", 0, 0, -81, 0, 0, 0, -20, -25, -126
"/home/jesse/code/ecs-rl/ecs/game/message_log.py", "Python", 0, 0, -73, 0, 0, 0, -24, -29, -126
"/home/jesse/code/ecs-rl/ecs/game/prefabs/__init__.py", "Python", 0, 0, -4, 0, 0, 0, -3, -3, -10
"/home/jesse/code/ecs-rl/ecs/game/prefabs/loader.py", "Python", 0, 0, -74, 0, 0, 0, -14, -23, -111
"/home/jesse/code/ecs-rl/ecs/game/prefabs/manager.py", "Python", 0, 0, -50, 0, 0, 0, -17, -19, -86
"/home/jesse/code/ecs-rl/ecs/game/prefabs/spawner.py", "Python", 0, 0, -125, 0, 0, 0, -37, -47, -209
"/home/jesse/code/ecs-rl/ecs/game/world_gen.py", "Python", 0, 0, -29, 0, 0, 0, -16, -16, -61
"/home/jesse/code/ecs-rl/ecs/game/worldgen/__init__.py", "Python", 0, 0, -4, 0, 0, 0, -9, -3, -16
"/home/jesse/code/ecs-rl/ecs/game/worldgen/biomes.py", "Python", 0, 0, -173, 0, 0, 0, -45, -76, -294
"/home/jesse/code/ecs-rl/ecs/game/worldgen/core.py", "Python", 0, 0, -210, 0, 0, 0, -49, -61, -320
"/home/jesse/code/ecs-rl/ecs/game/worldgen/scheduler.py", "Python", 0, 0, -168, 0, 0, 0, -30, -49, -247
"/home/jesse/code/ecs-rl/ecs/main.py", "Python", 0, 0, -354, 0, 0, 0, -104, -109, -567
"/home/jesse/code/ecs-rl/ecs/rendering/__init__.py", "Python", 0, 0, 0, 0, 0, 0, -1, -1, -2
"/home/jesse/code/ecs-rl/ecs/rendering/entity_renderer.py", "Python", 0, 0, -53, 0, 0, 0, -19, -16, -88
"/home/jesse/code/ecs-rl/ecs/rendering/tile_renderer.py", "Python", 0, 0, -35, 0, 0, 0, -15, -11, -61
"/home/jesse/code/ecs-rl/ecs/requirements.txt", "pip requirements", 0, 0, 0, 0, -2, 0, 0, -1, -3
"/home/jesse/code/ecs-rl/ecs/systems/__init__.py", "Python", 0, 0, -10, 0, 0, 0, -3, -3, -16
"/home/jesse/code/ecs-rl/ecs/systems/ai.py", "Python", 0, 0, -115, 0, 0, 0, -31, -35, -181
"/home/jesse/code/ecs-rl/ecs/systems/combat.py", "Python", 0, 0, -119, 0, 0, 0, -33, -51, -203
"/home/jesse/code/ecs-rl/ecs/systems/combat_helpers.py", "Python", 0, 0, -127, 0, 0, 0, -28, -47, -202
"/home/jesse/code/ecs-rl/ecs/systems/fov.py", "Python", 0, 0, -125, 0, 0, 0, -34, -35, -194
"/home/jesse/code/ecs-rl/ecs/systems/input.py", "Python", 0, 0, -146, 0, 0, 0, -34, -34, -214
"/home/jesse/code/ecs-rl/ecs/systems/inventory.py", "Python", 0, 0, -156, 0, 0, 0, -37, -61, -254
"/home/jesse/code/ecs-rl/ecs/systems/menu.py", "Python", 0, 0, -109, 0, 0, 0, -30, -37, -176
"/home/jesse/code/ecs-rl/ecs/systems/menus/__init__.py", "Python", 0, 0, 0, 0, 0, 0, -1, -1, -2
"/home/jesse/code/ecs-rl/ecs/systems/menus/drop_menu.py", "Python", 0, 0, -19, 0, 0, 0, -4, -11, -34
"/home/jesse/code/ecs-rl/ecs/systems/menus/equip_menu.py", "Python", 0, 0, -29, 0, 0, 0, -5, -12, -46
"/home/jesse/code/ecs-rl/ecs/systems/menus/inventory_menu.py", "Python", 0, 0, -33, 0, 0, 0, -7, -16, -56
"/home/jesse/code/ecs-rl/ecs/systems/menus/use_menu.py", "Python", 0, 0, -22, 0, 0, 0, -4, -11, -37
"/home/jesse/code/ecs-rl/ecs/systems/movement.py", "Python", 0, 0, -114, 0, 0, 0, -29, -46, -189
"/home/jesse/code/ecs-rl/ecs/systems/render.py", "Python", 0, 0, -136, 0, 0, 0, -46, -38, -220
"/home/jesse/code/ecs-rl/ecs/ui/__init__.py", "Python", 0, 0, 0, 0, 0, 0, -1, -1, -2
"/home/jesse/code/ecs-rl/ecs/ui/status_display.py", "Python", 0, 0, -150, 0, 0, 0, -45, -33, -228
"/home/jesse/code/ecs-rl/ecs/ui/text_formatter.py", "Python", 0, 0, -58, 0, 0, 0, -18, -18, -94
"/home/jesse/code/ecs-rl/ecs/world_gen.log", "Log", 0, 0, 0, 0, 0, -6, 0, -1, -7
"Total", "-", 10, 10, 791, 44, 0, -6, 232, 256, 1337